model,replay_fraction_per_task,pair_type,mean_cosine_similarity,std_cosine_similarity
dendritic_affine_separate,0.0,mirror,0.8209100682046565,0.019553212850293718
dendritic_affine_separate,0.0,non-mirror,0.8247308409555079,0.0070841321358730384
dendritic_affine_separate,0.02,mirror,0.8084852221446464,0.014544138695350914
dendritic_affine_separate,0.02,non-mirror,0.8098073276751885,0.011788410068348909
film_full,0.0,mirror,0.8135685098721518,0.01657468834080003
film_full,0.0,non-mirror,0.8172594041341317,0.008664359071637852
film_full,0.02,mirror,0.8026216153099932,0.013923484474394577
film_full,0.02,non-mirror,0.8049398232067435,0.013490524022966242
